id,http_code_old,IPA
r_sicili:ffdfd02a-c2a3-40ff-afbd-59dab5ddb8c9,200,r_sicili
r_sicili:5eaf51b4-661d-4a90-b0d3-302070af2a60,200,r_sicili
r_sicili:327b602d-7eea-49e3-804d-21827e899e6a,200,r_sicili
r_sicili:86c20d81-c507-4291-a1c5-20a9747fe201,000,r_sicili
r_sicili:9dff6bf8-a0d7-4c67-b2dd-b876a150d4a4,000,r_sicili
r_sicili:b37c11d2-a6dc-4a0f-b210-8291c078710c,000,r_sicili
r_sicili:15554e0f-ef26-455d-9b68-49e1bcb9e575,000,r_sicili
r_sicili:091c2e6b-2c5a-47b2-8f81-0e2509697efc,000,r_sicili
r_sicili:0c34c0b6-ed2e-43cd-8d5f-a7ac5d936dd9,000,r_sicili
r_sicili:26e89064-7f9c-4e0b-b34d-fce37ab4325f,000,r_sicili
r_sicili:af684576-8096-4821-85f8-ed1eeece4fea,000,r_sicili
r_sicili:5ebdeb24-86b5-4edc-a25d-43d2d6128016,000,r_sicili
r_sicili:86109a6c-6109-489c-8b74-99834a31eb3e,000,r_sicili
r_sicili:b638bc15-bb35-4ef2-a220-8c1d06ccad96,200,r_sicili
r_sicili:93f326a9-02d0-4470-8e8a-e9509fd850d1,200,r_sicili
r_sicili:0b5f363d-54ba-4a6b-a9d8-8f01144880f7,200,r_sicili
r_sicili:1800b73a-b280-4559-b643-d457afb2c8bb,200,r_sicili
r_sicili:fc94bee7-4f5e-44b5-bf15-58cb39328e08,000,r_sicili
r_sicili:464b3567-e4e6-48d0-a5a9-e6f2a85090ae,000,r_sicili
r_sicili:93cdb898-2fe5-44d6-8c08-1766ef016e8f,000,r_sicili
r_sicili:4e0a416f-a6ab-4ae3-87fc-5a6d96397306,000,r_sicili
r_sicili:2152ad53-d278-43d0-9091-bdf307476378,000,r_sicili
r_sicili:a0444b62-8fa5-457d-b0e9-9bc4bf4df835,000,r_sicili
r_sicili:f061f04e-5412-4cb9-b037-2e0c39dd6bab,200,r_sicili
r_sicili:99d020cb-fae8-4423-a7dd-23c845b7fac7,200,r_sicili
r_sicili:d8705228-3198-48b8-b22c-92ff38089aa7,200,r_sicili
r_sicili:c656299e-7e37-41ef-847a-73ada5b5ef57,200,r_sicili
r_sicili:a841f326-d5e7-4b34-a619-3cba5eed5b4f,200,r_sicili
r_sicili:18cefaa8-1a51-4dfe-9fdb-ed4d7900748f,000,r_sicili
r_sicili:0b5b4da1-e1b6-47e1-960a-2bb18908ccb1,000,r_sicili
r_sicili:e055552b-17f5-4ce4-bee2-2d490a3114e1,000,r_sicili
r_sicili:3c6a8fa9-3b36-4eeb-8f08-0981c943ef33,200,r_sicili
r_sicili:0adaf714-ec28-4bd1-816c-ebb7840bca58,200,r_sicili
r_sicili:7de08041-6113-45c0-b377-ed18b931d73d,200,r_sicili
r_sicili:063145a3-6ee8-4f33-b5f1-2f3539b7c1b4,200,r_sicili
r_sicili:c9312026-9234-46c4-87a8-47ce83d6f806,200,r_sicili
r_sicili:91f18d6b-53c4-459b-ac8a-708731abe355,200,r_sicili
r_sicili:27437044-44d5-4048-97c5-dc59e74a48ad,200,r_sicili
r_sicili:a59dedc1-3127-41a6-a9ef-c1453f00f66a,200,r_sicili
r_sicili:3b88e7ae-1884-4479-8cf2-b92650bc5630,200,r_sicili
r_sicili:1a0d5796-05e9-4891-a33b-0cf849ab5cdb,000,r_sicili
r_sicili:31e23f8c-553e-4e72-851b-8a596551e129,200,r_sicili
r_sicili:aaa985ca-0c5a-4ee0-a50f-e2ea2f050727,200,r_sicili
r_sicili:cdaab19c-ab0a-4cbe-b616-c5cafb9c2298,200,r_sicili
r_sicili:fc33feef-5c11-420e-bf9d-e1a8dacbdfa0,200,r_sicili
r_sicili:1012f4b9-8de6-4b9f-869d-0e47e360acc6,000,r_sicili
r_sicili:e816357d-a153-4011-b588-ba40a2deaede,000,r_sicili
r_sicili:83bcdc7b-6849-4161-be85-9b3c5503ddc3,000,r_sicili
r_sicili:aa0e81e6-86ca-44fc-88d8-13e5068564ff,000,r_sicili
r_sicili:e32082c9-e962-4e19-9d79-394f8a7edf88,000,r_sicili
r_sicili:26985f7f-d4c0-4129-8f2d-4e189038acd8,000,r_sicili
r_sicili:78b5f225-1060-4044-91b1-a6e855886170,000,r_sicili
r_sicili:31a3babb-8cf8-45d3-882a-81847aeee52a,000,r_sicili
r_sicili:44f33375-71ad-4456-9488-cae783b52b77,000,r_sicili
r_sicili:d97cec84-2df6-4139-a281-dca4d680ff30,200,r_sicili
r_sicili:efc7378b-930a-4e89-b291-fa5d19105f3e,000,r_sicili
r_sicili:1058be90-14d9-458c-a35f-46ff7b276398,000,r_sicili
r_sicili:44efcf29-34e3-4ec2-848e-2e976591b4d4,000,r_sicili
r_sicili:5763b60c-f1d3-435d-ba74-a65c459082be,000,r_sicili
r_sicili:ac4fa71e-24a8-4501-a635-42163f2b85cb,000,r_sicili
r_sicili:42deb7bc-0f49-47c7-ae29-d967e99fc675,200,r_sicili
r_sicili:916db52a-4f1f-4404-9c7b-d642807234e5,200,r_sicili
r_sicili:7832b30d-8e4a-4900-836d-1d4e960c3325,000,r_sicili
r_sicili:566eb7c8-01d0-4235-bf08-350fd57cc430,000,r_sicili
r_sicili:e4507e78-d796-4233-820b-f0b562d5ca64,000,r_sicili
r_sicili:b9acab22-1fec-4f96-a729-6efd649ea901,000,r_sicili
r_sicili:f62c584a-7498-4cfe-ad64-1828e21fb606,000,r_sicili
r_sicili:7048073b-ab6f-45e5-8a12-99db32a4ea82,000,r_sicili
r_sicili:2c71bbb2-7917-4094-a612-fcf0c778eb08,000,r_sicili
r_sicili:a6b3f3cf-f692-48d0-a123-79c77186cf13,000,r_sicili
r_sicili:782a8f8c-27fa-4a76-abb4-eab70e4be02c,000,r_sicili
r_sicili:dd11aac3-0100-4e2c-b62f-c261eb5f996a,000,r_sicili
r_sicili:5d3411be-7bde-4242-abda-f11c25dbe283,200,r_sicili
p_en:e0ed60c3-8c03-4fef-bd26-30b8bc2bf661,500,p_en
r_sicili:710d867b-7c1e-4101-9aec-ab705314dfc1,200,r_sicili
r_sicili:bf1b25d3-617f-4e37-bfa8-9989f7b46872,000,r_sicili
r_sicili:b37b88c2-97fc-4237-99df-5353654dcc35,000,r_sicili
r_sicili:d32b2e9d-e6f7-4048-a469-c4e6a2bbac48,000,r_sicili
r_sicili:13f554f7-aa5b-4e5a-b34e-6c73abd2cfd0,000,r_sicili
p_en:040b441c-e8fe-4d31-847c-d0ebcdb0ee5d,500,p_en
r_sicili:571c93b9-589c-4a0d-b6fe-a2dee0e93033,000,r_sicili
r_sicili:e50da7e0-8ff3-4ede-b816-2e4f5fde025a,000,r_sicili
r_sicili:827a6af4-45f4-4292-96ab-a47f0436902d,200,r_sicili
r_sicili:d8fd79f7-e8a3-4b38-b65a-87ccf069d15d,200,r_sicili
r_sicili:51c8d1ab-8a35-4b1f-bd6b-b1ff757aeb16,000,r_sicili
r_sicili:b7fc5a2d-2e37-44af-bd59-a23ce3604c59,000,r_sicili
r_sicili:dbb1a70b-413e-4fc6-856b-c5657ed829a7,000,r_sicili
r_sicili:27c688ee-14c3-4372-978a-07a26860ab2f,000,r_sicili
r_sicili:ac16c08c-51f1-4955-a82f-6a5e44e236f5,200,r_sicili
r_sicili:c7c37289-483e-458e-9bb4-855fb5639a47,200,r_sicili
r_sicili:2f5fd509-3a30-4144-ac8b-49e0a7a9d6f7,200,r_sicili
r_sicili:b190748b-8ee8-4bf3-aa83-46dad15cc460,000,r_sicili
r_sicili:a21b5c9d-658f-4f0b-be74-3ac6f37fb1c9,000,r_sicili
r_sicili:4b60faad-c139-441f-ba63-282e5a2d3e2d,000,r_sicili
r_sicili:021de0a1-6c6e-42cd-9df4-14198a02fba4,000,r_sicili
p_en:9f04517b-f753-4f5b-8289-55e9d4a8e3b9,500,p_en
p_en:734c7ad8-346e-4214-b7f6-c714fa5146c9,500,p_en
r_sicili:4154f41d-b010-433a-8d98-a31e2e36a64f,200,r_sicili
r_sicili:1505c46b-bb2b-4f08-b84f-a13f5007cdc8,200,r_sicili
r_sicili:bc9f20da-08ad-446f-9ac8-4ea550b60b7e,000,r_sicili
r_sicili:a55fd047-d977-4bae-b2f2-f9338e894980,000,r_sicili
r_sicili:0ecbe47b-1063-4ddc-93d3-1f4503d9f912,000,r_sicili
r_sicili:fbe17d7c-9ec4-44dc-a936-fa331026a49e,000,r_sicili
r_sicili:9633d035-9e05-47cd-8bcb-bd5a4b0aebfa,200,r_sicili
r_sicili:796cf574-2b41-48c1-b822-7d77ed31d13e,000,r_sicili
p_en:448acf16-7518-4d80-bba2-ee2828dd29a3,000,p_en
r_sicili:a08effcc-437b-4d69-8d08-93fd87f214fc,000,r_sicili
r_sicili:76ac0faf-f14c-4ee9-b84a-b38b5d1564d9,000,r_sicili
r_sicili:11b3976d-3a4b-420d-8be4-f566641fa5a7,000,r_sicili
p_tp:23e72426-a990-48bc-9d6e-f9fcc61b6543,403,p_tp
r_sicili:c333cb73-34fd-4122-a4e2-15e8fc2e9c18,200,r_sicili
r_sicili:bdcf07c5-351c-4f86-8cc4-803fa53a6617,000,r_sicili
r_sicili:6cb6b12a-bfcc-4230-b256-74d6f0d360c8,200,r_sicili
r_sicili:ae16cbc2-3bf8-4534-a19f-490800b08798,000,r_sicili
r_sicili:a7ab5fed-ad43-4552-b508-a4a453d0a227,200,r_sicili
r_sicili:da28e16d-2ada-4779-aab1-ca85cb1373ec,000,r_sicili
r_sicili:bf33315f-7dca-46b4-a8b3-b741c232f9db,200,r_sicili
p_en:94316c1b-0051-4b03-8f61-8d20f208abdb,000,p_en
r_sicili:cb4058f3-14ab-4745-89ff-6acb8964be88,000,r_sicili
p_en:7c34e81d-3e47-4909-bd73-f95b2eda358a,000,p_en
r_sicili:0f0a93ae-f48c-40ca-a2a3-8da1719d372c,200,r_sicili
p_en:39622c4d-7989-46f1-a1b8-5e59bc9d78dd,000,p_en
p_en:3ae11899-0f7c-4893-92b8-3ff233e59644,000,p_en
r_sicili:8e4fa92b-02d8-4e0d-a171-9d6213faab04,000,r_sicili
r_sicili:dc148848-1d52-4e0f-bc42-bf8ce1bbb043,200,r_sicili
p_en:c43898c4-e256-43d7-b8b3-b3c1d3a70088,500,p_en
r_sicili:eb7d584f-6c3f-4575-ad44-5370080992cf,000,r_sicili
p_en:0de662f3-2bea-42ac-9329-979480f7a26b,500,p_en
p_en:a75e9988-ae93-4d23-8d53-798554ff77e9,500,p_en
r_sicili:e56cf5eb-1496-42dd-a064-ff91bc1fe9a0,200,r_sicili
r_sicili:adfc0897-e841-45ee-923d-601c359f96bf,000,r_sicili
r_sicili:2d32c073-ae0f-45f1-ba81-76624d8acdc6,000,r_sicili
r_sicili:b400e763-1032-480a-ba5f-4d3f31f0a6f6,000,r_sicili
r_sicili:981a882a-5e0a-4d28-9bdf-57bf849ac71a,000,r_sicili
r_sicili:5e930e9e-5dd3-43a1-875a-ce64b34ab495,000,r_sicili
r_sicili:7598d6a1-0f17-46c1-a403-6438209d5a68,000,r_sicili
r_sicili:825644e2-fee2-48c0-89eb-7a52fe771d80,000,r_sicili
r_sicili:d310aa14-ea41-4fb7-a84b-1116e58493eb,000,r_sicili
r_sicili:16d351d1-829d-4fbb-818d-9f765cce191c,000,r_sicili
r_sicili:0c3a7cb5-1a78-43c1-ad55-f5c846ad9ee4,000,r_sicili
r_sicili:6861afd7-99bb-4474-b1c8-376dc8447f62,000,r_sicili
r_sicili:57606ae4-204e-414d-9780-f2c791872635,000,r_sicili
p_en:7f8a4c0d-36af-4350-b850-78244bf56f5b,500,p_en
r_sicili:4e3fbd6c-937a-4c80-933a-e627d7668537,000,r_sicili
r_sicili:a57c4bd0-5b34-4d9c-aac7-737de2e8b37d,000,r_sicili
r_sicili:6432cd60-cc30-4417-bec0-23dac701d41c,000,r_sicili
p_cl:f07f73cd-4a91-4788-aa12-f655c33a12d5,000,p_cl
p_cl:d678a6de-e136-4887-8e85-aa2002cbf689,000,p_cl
p_en:f13b12e4-7dbc-4778-bc4f-9f644e9aa644,500,p_en
r_sicili:1526b121-e650-450e-94af-faa272d1fd7a,200,r_sicili
r_sicili:417219d6-72bf-4511-a98d-95404cfd1c74,200,r_sicili
r_sicili:b195f1fb-ada6-47dc-98ec-38d2d92899bf,200,r_sicili
r_sicili:0c3a2b4c-4dd2-4ec5-b2d9-0a119ec4f60d,200,r_sicili
r_sicili:c635d9aa-a33d-44a2-8293-b4db648b28db,200,r_sicili
r_sicili:ec235d35-87da-4a43-9d05-e52e5d245379,200,r_sicili
p_cl:0032e895-99d1-4414-a260-9a4f1189c200,000,p_cl
r_sicili:47024768-9831-4c15-a581-594fbef2121a,000,r_sicili
r_sicili:3271d2db-d5c6-46d6-9dd9-d93ab1d6f499,200,r_sicili
r_sicili:77f532ce-e735-46d7-984c-8034fb9b040f,200,r_sicili
r_sicili:32f79bdb-63e8-41b9-b6cc-4993ddd6e05b,200,r_sicili
r_sicili:ca1412ff-8a05-44ad-b8a1-be181f61df6d,200,r_sicili
r_sicili:0a153474-1b63-4e03-8ce8-b5e1616cb7bc,200,r_sicili
p_en:f4bb28ce-1952-4ed5-bfc9-f2b3e20cb780,500,p_en
r_sicili:3a3fc0e0-673e-4ef0-9f27-495f10e769d7,200,r_sicili
p_en:b5fcf2b2-e26f-4bac-ae75-3ec64bc0461b,500,p_en
r_sicili:892b747a-3cb1-444d-9ad6-78abbe33bd84,000,r_sicili
r_sicili:1f342418-3361-4fc0-8ac3-1cb11b40f9e1,200,r_sicili
p_en:a5267e96-8677-46a2-b578-d37dda34b1e8,500,p_en
r_sicili:e61df0ed-fd33-4537-8579-9857b4094afa,404,r_sicili
r_sicili:dba5d88c-fef1-4c99-a3e1-c74db47a2b1f,200,r_sicili
r_sicili:c29a43d5-8779-4f9c-ae33-e1612468c9b1,200,r_sicili
p_en:067769e7-59b0-4d39-980f-ebbe241a16a8,500,p_en
p_en:025040aa-3fa6-41e9-8ed3-74f528c594e7,500,p_en
p_en:8af0ee7c-85f3-4e08-9e84-9148326b3bae,500,p_en
p_en:ae30b3f7-5e5b-4986-86ce-8fde777c3fd9,500,p_en
p_en:8f552836-f996-4dd9-89c5-7d625d00a4d7,500,p_en
p_en:3c954a9c-2002-48fb-a8de-c02cf284c08c,500,p_en
p_en:6c3380a3-82b8-4de1-a698-152719fe932c,500,p_en
r_sicili:03e4003f-b7e4-4560-8440-bd1f29ae2c64,000,r_sicili
p_en:864e80fc-3c63-4a5e-a65f-7cf37e481b76,500,p_en
r_sicili:e4ece106-d1ac-4616-b0e7-baa10d1f5e5a,200,r_sicili
r_sicili:a8715e8b-932a-43fd-b528-1200db3e65d6,200,r_sicili
p_en:1cd8c624-d8bc-4314-b6df-c28671373b6e,500,p_en
r_sicili:bace68f9-a027-4a7b-879b-7e6ce6afb268,200,r_sicili
r_sicili:d91d21b5-6f52-4e35-8d64-9826c55c98f1,200,r_sicili
r_sicili:514d3ead-5dd3-4673-8b5c-44a231587965,200,r_sicili
r_sicili:e066d22e-77cb-4a91-bfcb-12f9af6832ab,200,r_sicili
r_sicili:04001a3b-b681-473e-aa6d-216ff5cbd31f,200,r_sicili
r_sicili:359be785-4bea-4dd8-b97c-1de98208d364,200,r_sicili
r_sicili:5a78d25a-2fbc-4a79-9609-1d87529734bd,200,r_sicili
r_sicili:ba8dace5-a39f-44f3-b45a-3c94624b29eb,200,r_sicili
r_sicili:13dce1c2-0bfb-4284-b6f7-450960864e2b,200,r_sicili
r_sicili:449a45a2-9c31-4dfe-8013-90c4dd19f8a2,200,r_sicili
r_sicili:0b7b645c-ced7-42d8-ab4e-f9f5b1b4140f,000,r_sicili
r_sicili:6e7801ff-6895-49f9-80bb-c28b415ec063,000,r_sicili
r_sicili:be0bed97-5fdf-442e-a7ea-aa3307346a2a,000,r_sicili
r_sicili:60ca51e6-2042-4c5b-b415-edb44c793517,000,r_sicili
r_sicili:1adb6b21-fe07-4081-b0df-89ab54aa6be1,000,r_sicili
r_sicili:11032409-e38d-48e3-ada2-48e68e25f383,000,r_sicili
r_sicili:38273244-be94-45bc-9149-fdff807f26a6,200,r_sicili
r_sicili:47542c2d-3ab6-4a23-8df1-2581df0012c9,000,r_sicili
r_sicili:4f2448cd-39ca-4b3c-be66-1c0aa1c59c23,200,r_sicili
r_sicili:4ba120ac-c436-4077-b444-c681be45c9db,200,r_sicili
r_sicili:c772de16-dd10-4ada-a9e3-be91a9ecfe00,200,r_sicili
r_sicili:1246d4fe-880c-4d47-889e-72c2a3b61e0c,000,r_sicili
r_sicili:3f368c4c-a98c-4da1-ad73-26b75e48c3a5,000,r_sicili
r_sicili:545ac0f6-17fc-41ae-a640-d2a657b25eea,000,r_sicili
r_sicili:01f287d4-c2c8-4220-9777-bd0bc0841cdc,000,r_sicili
r_sicili:10ed7619-3ca7-42ea-930e-d2a6e765072e,000,r_sicili
r_sicili:1bc10d13-9d06-4b1c-9308-bdc6c4c4865a,200,r_sicili
p_en:ebbfa357-42fb-45f7-9f98-73e3c8c7e611,500,p_en
r_sicili:0037168e-ee46-4dfc-9299-b32ec537b4d7,000,r_sicili
p_en:0199ab93-2a84-4484-a7b6-b0d8d573592b,500,p_en
p_en:0450c77e-d4d0-4bf3-af8a-6fe60b44b7dc,500,p_en
p_en:1d2aa4db-344e-46b6-b290-e93263efc826,500,p_en
r_sicili:e685398d-e80f-44bf-84b8-f170b24c7f65,200,r_sicili
c_a089:87b38490-efda-4fd5-950d-4a0010d6160d,404,c_a089
r_sicili:ee068e59-8f5a-4a43-aa75-214507964577,200,r_sicili
p_en:57ee0702-c375-4e77-82cb-eeb15b021863,500,p_en
p_en:efd18559-53c0-41fc-b5fa-e8c5bbc8d99a,500,p_en
r_sicili:7867c1f0-c8eb-43dd-aacb-c6585b55df7b,200,r_sicili
p_en:ebe9b2b3-bdc1-410b-9ea7-6bf42ba9fd25,500,p_en
r_sicili:7490ffca-d3b4-495e-a46f-7b35c1d0926b,000,r_sicili
r_sicili:dce99550-1c65-4d9e-a2e7-4ba133d41ba7,000,r_sicili
p_en:0aff6cc1-116c-4f35-af9f-d4b9b458793f,500,p_en
r_sicili:d0b2cf65-eea2-41f7-b2b7-614d9af1d2db,000,r_sicili
r_sicili:b2411485-a0b3-45a5-92bd-180c97669256,200,r_sicili
r_sicili:047b68c7-9490-4193-b2b6-36928d039240,000,r_sicili
r_sicili:3c75ce1e-f9c8-4c85-984a-d82ea89b42bf,200,r_sicili
r_sicili:af0a4f7e-afe0-49ef-92d5-bdf6bfda28c7,200,r_sicili
r_sicili:7c864d07-e7fd-43b6-a15d-1b761f00e469,200,r_sicili
r_sicili:5ca80bef-05dd-4c71-a475-258ccae6fc54,000,r_sicili
r_sicili:c31ec752-7d44-49b3-98c0-1530e19855a8,200,r_sicili
r_sicili:024e581a-ce64-4b60-b95f-0612146b3173,000,r_sicili
r_sicili:361a77a3-1d79-488c-ac38-7c038a29422c,200,r_sicili
r_sicili:1e338e90-5250-4cd2-9875-536bcbef04af,000,r_sicili
r_sicili:1ee75101-1244-41c8-a688-eb9a34cbe091,200,r_sicili
r_sicili:a99dbc32-b687-4bba-81c2-98de682f66f3,000,r_sicili
r_sicili:5e932c20-d46d-464d-893b-d58f156da10e,200,r_sicili
r_sicili:a530bf4e-cf8c-494a-8537-ad52b23526c1,000,r_sicili
p_en:19673e78-4689-4da6-a95a-4c0991f4cb25,500,p_en
p_en:c289b9cf-59bf-448d-bc41-d756be5c5eb2,500,p_en
p_en:dc36c2dc-3fe8-41f6-a404-fe173de01272,500,p_en
p_en:c9ff5783-7f95-4083-8768-194e0fe68d66,500,p_en
r_sicili:9fe58f4e-2c43-4ee1-94d1-a3c875e847fd,000,r_sicili
r_sicili:eff12713-4094-4fa8-961b-ae73dfb0353a,000,r_sicili
r_sicili:9712c7ad-ccf8-47fd-9453-8d84e412a862,200,r_sicili
p_en:a903c356-7942-4b8c-90bc-62696012c20e,500,p_en
p_en:bd4e8668-65e2-4e41-9b18-1229b534ebe2,500,p_en
p_en:71380bff-57c9-478d-8c6f-d42b758bc213,500,p_en
p_en:0332366f-3408-4602-8894-c3c710753d77,500,p_en
p_en:6ee21955-320b-4797-be8e-cbd1de4299a1,500,p_en
p_en:83c0a407-a7db-4b08-bb02-9adff8cf3a7a,500,p_en
p_en:6aa3fe1c-ae94-440b-b017-284b8a5b808f,500,p_en
r_sicili:06d626a3-b087-4763-a01b-e59c7f31f7b2,000,r_sicili
p_en:c69d3a68-24c5-40c6-9110-ce0a7c5753f1,500,p_en
p_en:711a4030-2752-40cc-908e-75018da96f1a,500,p_en
p_en:cfed7979-d39e-42c0-978d-00c08be89916,500,p_en
p_en:d44e747b-0b1b-49d7-a215-ec0e3426f11d,500,p_en
p_en:8655efec-ac20-4f6c-bf6c-9d22675f2db8,500,p_en
r_sicili:81cef8f2-4e92-4c6d-9e7e-6e846f1a1595,000,r_sicili
r_sicili:e5ea1548-dd80-4e95-aa4f-baaf7a453d12,200,r_sicili
p_en:99ae5eb0-fb8e-404c-847b-75c27e4f8c54,500,p_en
p_en:62591b37-cebb-4ab0-bf03-397343cab069,500,p_en
p_en:d7dca676-08c0-4453-9a42-909139d3777c,500,p_en
p_en:6f2e5533-c78f-45c7-8a94-3e7a591c16b9,500,p_en
p_en:e60dabe7-9f34-4c64-8484-90aa0d0bea0e,500,p_en
c_a089:1f4f03b1-b67e-41d2-97a7-930054d37417,200,c_a089
r_sicili:8e8947bf-97cb-4ffa-840c-d7c6cc4bb325,000,r_sicili
r_sicili:2a5ff979-744a-40ac-bd4e-155b110c31b5,000,r_sicili
p_tp:904a011a-507b-4a55-8f56-7f4222a5e6f7,403,p_tp
p_en:24f2e588-cfc9-4264-a1cd-839a1df802c5,500,p_en
p_en:bf6e8906-e866-400b-b729-57e4bbe9c26b,500,p_en
p_en:a3bde25e-77ba-4a38-96ff-d560f43cc973,500,p_en
p_en:6bcd424b-d58d-4438-b13b-a2e0f9c816b7,500,p_en
p_en:61766991-bfe3-4b81-934f-dbbfd50a6f48,500,p_en
p_en:e472bce5-9e18-4651-b7e3-cba3060480a5,500,p_en
p_en:b9814061-0bc2-4b9d-9c8f-63f8515776ea,500,p_en
r_sicili:86cabfac-e4fb-4379-9474-f2f41d57086c,000,r_sicili
r_sicili:5664436a-c0d4-40f3-ad38-92579aab523e,000,r_sicili
r_sicili:34ed52e9-76e2-4ad5-8dd9-5f4e131ce7a1,000,r_sicili
r_sicili:4f89dd82-9d57-46e2-b5f1-b45ece1361bc,000,r_sicili
r_sicili:90fe1ac3-8980-4231-9c31-574764e750ae,000,r_sicili
r_sicili:1d0ed6e1-89a4-45de-932b-e01a8997e982,200,r_sicili
r_sicili:a5e7786e-8820-410f-92ed-45ee19d9ff93,200,r_sicili
r_sicili:b49d3ac5-b913-4fdb-b606-e77be030f5ec,000,r_sicili
p_tp:471fb9c1-93f1-4382-93c1-916bb379f34d,404,p_tp
p_tp:767abfad-a0e3-4197-8c54-544ee710813e,200,p_tp
r_sicili:85191054-0e0a-4424-b446-f0def4c67b6e,000,r_sicili
r_sicili:076d5bb3-5428-4393-b427-96106dbdf331,200,r_sicili
p_tp:e9a2cf03-01d9-45d5-a7a4-1dcd5d3e1016,200,p_tp
r_sicili:2de4f0c8-e2d6-455a-9f9d-cb65b5d927db,200,r_sicili
r_sicili:621e39c4-afcc-40cb-847e-aaf7f8e4180d,200,r_sicili
r_sicili:6e072b1a-8964-4ea2-9afa-3d080aff1c27,200,r_sicili
c_a028:925f69dd-6a8f-49d1-be25-66db1b04f9cc,000,c_a028
c_a028:b7f85eaf-727e-48bb-a368-eccb44bbaa99,000,c_a028
c_a028:911619ad-4813-4f51-afe8-eea780ac04c3,000,c_a028
c_a028:6bede6d8-4d84-4034-ab26-06ae2e0dae24,000,c_a028
c_a056:20d40a6a-d2df-4dea-a996-6fcc96de2813,000,c_a056
c_a056:3520c9f7-db19-4d06-b967-8e6c9744da06,000,c_a056
p_ag:0f08d33b-0408-47d9-b06e-41f4b37189d6,404,p_ag
p_ag:25e2b419-1866-49c9-a44d-aa2ec18ef8f9,404,p_ag
p_ag:a6b5cbfb-e336-466a-a63e-7b43282e358a,404,p_ag
p_ag:f47180a8-58b8-4cf4-b44e-0364c3d41744,404,p_ag
p_ag:fe29eacb-c32a-424d-87e4-3d54ed07a5df,404,p_ag
p_ag:735ef0b6-8ec8-49e2-903a-a882ceb9028b,404,p_ag
p_ag:025724b9-2980-4816-a461-36cd891aa475,404,p_ag
p_ag:3be68dbe-ea3f-48df-a990-a40c8bc5daad,000,p_ag
p_ag:d16b72eb-b846-4987-a593-49e8360dc341,404,p_ag
p_ag:a179204e-d96c-4a6f-8a12-5d7e00697c4a,404,p_ag
p_ag:afacfc50-8595-4239-8565-f0383fa0963a,404,p_ag
p_ag:03095fc3-8940-4840-a4ad-6c660504b6e8,404,p_ag
p_ag:db2e6f68-81fa-4e84-9c2d-e5020d3cff5f,000,p_ag
p_en:bcfcad0d-de4c-4396-9117-95df0e13b1b8,500,p_en
p_tp:d764aa59-c0cf-407c-9022-1ecacdee4994,200,p_tp
r_sicili:cc7b0cfb-8e57-472b-9451-301d70fb93ee,000,r_sicili
r_sicili:ae06fe5c-a920-4b9c-bdee-ee972d93afa2,000,r_sicili
r_sicili:241b9c89-518b-4f62-b0d8-64f9efd19764,000,r_sicili
r_sicili:9514a913-e1ca-4bbe-b87a-439f28f08be4,000,r_sicili
r_sicili:7deda062-a867-4681-9735-57ef769f929a,000,r_sicili
r_sicili:2adce44a-723b-4b38-8f5a-d95f3cdf08f7,000,r_sicili
r_sicili:ef5c9516-1c72-4517-8afc-637e121756c7,000,r_sicili
r_sicili:d8edd242-6e58-45dd-aee1-ec8a1f6a04c3,000,r_sicili
r_sicili:9e90012e-f06f-401a-bbe2-fb75451e7b6f,200,r_sicili
r_sicili:4095bf22-ce3b-4b30-a86c-da3cab225907,200,r_sicili
r_sicili:78b90558-f5d3-474e-97ba-a92774e8e66b,200,r_sicili
r_sicili:94f28106-6337-48bd-b4ca-f446dd667d6e,200,r_sicili
r_sicili:a59e413f-d4b0-457c-ab6f-3cd40507479a,200,r_sicili
r_sicili:c0dcac60-ea46-43e6-b1d1-76f687f9d9aa,200,r_sicili
r_sicili:a380d591-4b75-4341-ba83-3dcdb5a2bcf3,200,r_sicili
r_sicili:bb4bae58-7550-457a-9e37-0145229e55c1,000,r_sicili
r_sicili:0231dcda-f7f9-4d5a-bef4-39c66742a54b,200,r_sicili
r_sicili:46a9885a-c6ef-4e0b-895e-f7ce73d92518,200,r_sicili
r_sicili:d8683fef-e4db-4bc1-a53a-a4a4dca326a1,200,r_sicili
r_sicili:b89ee71b-fa22-4d69-b2d9-2aca7b526be7,200,r_sicili
r_sicili:a46eda9b-330b-49ce-9501-d86a0a26dcdf,200,r_sicili
r_sicili:e8467ae1-177a-4fed-abf6-4a77ea2325b9,200,r_sicili
r_sicili:ecfbf458-7f02-4503-9451-59609c643925,200,r_sicili
r_sicili:ed0d9f3e-6efe-41c0-a9ee-ad890f7a7185,200,r_sicili
r_sicili:3f5e8adb-0e06-497f-8245-464541205c81,200,r_sicili
r_sicili:044d93df-58ff-4d58-81fa-1c5592113a56,200,r_sicili
r_sicili:a51d10f1-9865-41d3-aeaf-55657eef3ff5,200,r_sicili
r_sicili:55029347-22de-40fa-a89c-2f4935a1b3c3,200,r_sicili
r_sicili:b79b05d2-9aba-4054-8270-f7d3a673c94c,200,r_sicili
r_sicili:c03e4ab7-f99c-453d-ad09-66ea95eca157,200,r_sicili
r_sicili:f1cfc687-b83f-446b-99c1-9e72f81324cd,200,r_sicili
r_sicili:481f3306-c765-4f25-94ae-367e9ae4a9d3,200,r_sicili
r_sicili:b413fb50-bb68-4092-8c57-ba9c5ad10911,200,r_sicili
r_sicili:4d0c18f6-7881-4088-8b5e-5d52757150aa,200,r_sicili
r_sicili:e784b3b9-6b84-4796-aaa8-0acc4ad2202b,200,r_sicili
r_sicili:4c0ab1cb-203a-46c6-8248-7a83accbf790,200,r_sicili
r_sicili:603f8492-32a0-4641-88c9-9d40c96b095a,200,r_sicili
r_sicili:e09fde97-4457-4d2a-bf4b-360ff6ed6558,200,r_sicili
r_sicili:16ea3c4e-f07b-4730-8805-55f24b261415,200,r_sicili
r_sicili:1e734d8f-8042-420f-a716-4fc44e2df7e4,200,r_sicili
r_sicili:4bf5509e-7d5a-4f0b-a59c-17bfdcc1d9a7,200,r_sicili
r_sicili:49187627-822a-4723-9321-f63d50c11ae4,200,r_sicili
r_sicili:f3b66c56-0a24-4918-9f67-52f384fe145c,200,r_sicili
r_sicili:9995b594-1e07-46a8-bc1c-0a3bfc4ced6f,200,r_sicili
r_sicili:edfe95d6-6a8d-4e78-8bff-e62bc1defc3b,200,r_sicili
r_sicili:ed80f176-2a1d-4250-aac8-deda55449270,200,r_sicili
r_sicili:f6f936a9-c450-464d-853f-2943de54b2b6,200,r_sicili
r_sicili:19a670f4-8e0f-4ab1-8d32-9e532894287d,200,r_sicili
r_sicili:5353a4db-d892-463d-833f-dc9a836a95bb,200,r_sicili
r_sicili:0cf30776-af5c-4e81-a4dc-a5443b266eb8,200,r_sicili
r_sicili:96c62a4f-cdbe-4ea5-91c0-89cee224c92f,200,r_sicili
r_sicili:237362f9-81ac-402c-8908-62c25601c310,200,r_sicili
r_sicili:cdf10905-e955-48da-9328-2742bfcffc9b,200,r_sicili
r_sicili:21e0c96e-0929-456b-b51b-7ecd1533fae3,200,r_sicili
r_sicili:ce2e389b-0c4d-473f-b666-3f516aeac74d,200,r_sicili
r_sicili:d9550fc7-e725-4dbd-a134-fb92290cf92c,200,r_sicili
r_sicili:06493b9e-0fbb-45d6-a4af-46315af0abc0,200,r_sicili
r_sicili:ad15611d-676b-4cb4-b842-9834b8c53945,200,r_sicili
r_sicili:3b815e80-dd4e-4758-9cd1-9df427308438,200,r_sicili
r_sicili:31d46b7f-38ad-42f6-ba5b-abafde7af2ea,200,r_sicili
r_sicili:8cd2e9cb-be9c-45bc-9fae-df7ba6c966cd,200,r_sicili
r_sicili:69e8f222-0a00-4fe5-a474-e1a15a2f23f0,200,r_sicili
r_sicili:cf664512-f871-475a-b79c-ade42ceb85a8,200,r_sicili
r_sicili:39ae4ebb-1e40-42fa-b3a4-ee10682c5011,200,r_sicili
r_sicili:8a917db0-c1f5-4f6e-9a39-75879ef6dbd5,200,r_sicili
r_sicili:27de9ee8-9432-495f-b0f8-12632c89899d,200,r_sicili
r_sicili:662ec9f9-9d94-422f-9e8c-6eccfa46c96f,200,r_sicili
r_sicili:b3b0d4e0-f365-4122-8961-ff5d891c1fc7,200,r_sicili
r_sicili:120de705-fef9-4d59-98ec-5469245444ca,200,r_sicili
r_sicili:3c0f8873-a58f-41e1-ab65-50e3d737d895,200,r_sicili
r_sicili:be67f0f6-9c75-4a33-80e6-7d21df24f17a,200,r_sicili
r_sicili:2b0c5629-a8e7-47a1-ba49-c03feb93e0ec,200,r_sicili
r_sicili:6c37b872-41a1-4cee-bf6d-fc5871e41abc,200,r_sicili
r_sicili:3ee4a43a-5db3-4a63-abad-374034f5d561,200,r_sicili
r_sicili:8ae51a83-959d-42ef-bc29-3309048ffd71,200,r_sicili
r_sicili:97e64a9f-3aa6-41d0-968e-028eff214a9f,200,r_sicili
r_sicili:98c94c22-2e69-4106-abfc-04041ed7fc9c,200,r_sicili
r_sicili:372ab8d8-23b0-4da5-92dc-7c154625c969,200,r_sicili
r_sicili:d2b96cb3-6553-4609-9131-850ff04c9d3e,200,r_sicili
r_sicili:24fca000-1b95-48f1-8bd3-6573bd79938c,200,r_sicili
r_sicili:c7b21297-54d5-4d75-b350-8e8c0e4653c7,200,r_sicili
r_sicili:54d2a556-c36a-4921-9f49-1598b1b7da24,200,r_sicili
r_sicili:6a86f8b3-060d-4365-8499-a426748b7636,200,r_sicili
r_sicili:11c7fc31-9001-47e2-9334-90aefad5903f,200,r_sicili
r_sicili:fa0fd8ec-3775-43d0-9cdc-0fd244100d39,200,r_sicili
r_sicili:5199215d-7d1b-4933-9178-764aafce9b2f,200,r_sicili
r_sicili:a4283251-3326-41a2-ab57-9d1cf615ec02,200,r_sicili
r_sicili:c21f6c12-72a9-4e62-bca0-60567e820d8c,200,r_sicili
p_tp:aa99197a-db13-4f5e-a324-21ff31e311b4,200,p_tp
r_sicili:c6ef2a83-dcb3-4153-bcf7-fba267129d8a,200,r_sicili
r_sicili:f876dcd8-3823-40b3-985d-e28ba9e12bc3,200,r_sicili
r_sicili:d4818ee3-e14f-4220-9109-337cba689269,200,r_sicili
r_sicili:de71dcf7-f8fa-4191-9d4a-22b2efb32b2b,200,r_sicili
r_sicili:b1087c28-a5fc-4c4a-a7c4-71e99fc317a2,200,r_sicili
r_sicili:b1554fb4-e194-4416-a190-4b9e1a4eb490,200,r_sicili
p_tp:0e79e5ba-cd77-42b6-9376-83d5b70ac852,200,p_tp
r_sicili:a1760144-137e-4314-b658-03a425e6083e,200,r_sicili
r_sicili:f591730d-d633-4c01-a61e-b8c360bcfb28,200,r_sicili
r_sicili:2e4dcf8c-940c-491b-bd5a-92664c430abc,200,r_sicili
r_sicili:85e6c2a0-d686-4447-b513-828841c0ef7c,200,r_sicili
r_sicili:384da50c-27c3-4cf2-aea0-3b5049d069ff,200,r_sicili
r_sicili:7ab7a748-9db7-4bcc-83ca-c95f180fe86f,200,r_sicili
r_sicili:4192a74e-6a57-4991-96c0-88a9dea049c9,200,r_sicili
r_sicili:a4e60bc4-ceb7-4530-8260-6ef1baff98c2,000,r_sicili
r_sicili:cf66cdee-edd4-4531-a8b6-88ba55555c8e,200,r_sicili
r_sicili:8f0dbfbb-b68b-4995-82c6-01a152bfa80b,200,r_sicili
r_sicili:5e148d72-21a1-4a55-afec-341e35680ac5,200,r_sicili
r_sicili:c7e15c3f-7e37-4f01-ac66-1a994dd4f8c1,200,r_sicili
r_sicili:09392f5a-e6b5-458a-99c5-3229fd136545,200,r_sicili
r_sicili:c140b52b-34aa-479d-95ff-dae78956e566,200,r_sicili
r_sicili:5108b3b4-2c4b-4910-8324-e5ba7f9737fd,200,r_sicili
r_sicili:7880d472-f0e0-4133-bd72-0be07eeb6af2,200,r_sicili
r_sicili:b81914c9-f67a-4489-b989-190a01b8496d,200,r_sicili
r_sicili:64e60d98-e4d7-4ea9-a114-cff2ff42f65f,200,r_sicili
r_sicili:97dc4646-4fa1-445c-adc1-862c4a6af07b,200,r_sicili
r_sicili:0fd6642e-4989-4c39-a4cb-a35ece402003,404,r_sicili
r_sicili:7b2a7bf3-6d4f-46a8-8450-1374a0fe632d,404,r_sicili
r_sicili:8d37e913-7883-489e-a0b6-37d6e4d96a13,404,r_sicili
r_sicili:aa3781a2-3c7d-4a32-ac9d-e8aae4195f1f,200,r_sicili
r_sicili:46e39e50-934b-4d5c-96ef-a2019f5b2db4,200,r_sicili
r_sicili:91b8c6db-e2f9-47ad-936c-3d6cbc5e7b7a,200,r_sicili
r_sicili:15990177-b128-4f1e-8054-55c3e830a22f,404,r_sicili
r_sicili:e2b5c571-eb7b-4446-a382-10a053e002df,000,r_sicili
r_sicili:fcb54a98-2379-4341-8ca5-a329c8f4ed90,000,r_sicili
r_sicili:ed147862-9b7b-42ba-a01b-4bb4af473f78,000,r_sicili
r_sicili:81fe8d91-4861-405b-8432-5fc90c5f4f8b,000,r_sicili
r_sicili:76b974b5-f45c-4bba-9cf5-596588a9fae6,000,r_sicili
r_sicili:7e80df9a-a406-49c3-bfba-49457f0a11b1,000,r_sicili
r_sicili:85c63b72-e51b-4acb-a36f-96bf529f21df,000,r_sicili
r_sicili:4724f0d1-61da-4399-84d7-de3b5388a441,000,r_sicili
r_sicili:b92ddc2c-8a6e-4601-bda2-0c7c05cefc07,000,r_sicili
r_sicili:ba5ab816-395d-4779-ab0b-f27309de2ad9,000,r_sicili
r_sicili:9709de2a-2516-4723-b7c8-c98fba1e6f2f,000,r_sicili
r_sicili:743f4437-e209-40cf-97ea-1e205b6bde2f,000,r_sicili
